start_time,end_time,task_name
0,1739677944.6365685,1739680614.0035648,pobabilityRobotics
1,1739688487.0550284,1739692346.485007,pobabilityRobotics
2,1739693483.4758544,1739695668.7457654,pobabilityRobotics
3,1739696672.4831731,1739697961.2568624,pobabilityRobotics
4,1739703669.2151833,1739705418.939243,pobabilityRobotics
5,1739710264.8734045,1739711341.9940991,pobabilityRobotics
6,1739712230.0019925,1739716243.4719286,pobabilityRobotics
7,1739719154.0797381,1739722793.8062274,pobabilityRobotics
8,1739759263.0775206,1739759478.2223613,pobabilityRobotics
9,1739759908.3094532,1739763757.115892,pobabilityRobotics
10,1739777909.5476215,1739778522.435966,csapp
11,1739779242.723628,1739782766.4760735,slam14
12,1739793649.8409774,1739797705.5451572,csapp
13,1739799559.852806,1739803061.581721,csapp
14,1739804096.682188,1739806841.993364,csapp
15,1739807392.7173178,1739808945.3348162,csapp
16,1739855574.9680107,1739858353.4726276,probability
17,1739860628.2489092,1739862509.8077395,probability
18,1739863059.9092972,1739865788.1630564,probability
19,1739866516.5848513,1739868683.469053,probability
20,1739871081.5393329,1739872279.9984515,probability
21,1739874308.6650634,1739880582.162804,probability
22,1739881403.1753018,1739884042.1452544,probability
23,1739887090.1698394,1739892005.0016832,probability
24,1739893015.3645785,1739894202.7720664,probability
25,1739949185.4369555,1739951791.3810155,pobabilityRobotics
26,1739961792.834054,1739963686.3276162,pobabilityRobotics
27,1739967616.6892905,1739973950.5362475,pobabilityRobotics
28,1739975547.1331155,1739977843.7512665,pobabilityRobotics
29,1740020254.680831,1740022240.55061,csapp
30,1740025734.517727,1740026933.856851,csapp
31,1740033720.1793072,1740037851.57951,csapp
32,1740049897.7870307,1740052345.0815957,csapp
33,1740057197.2778554,1740059008.367826,csapp
34,1740060173.2476156,1740064197.7624059,csapp
35,1740066806.9074023,1740068868.673145,csapp
